username,password
user0001,user0001
user0002,user0002
user0003,user0003
user0004,user0004
user0005,user0005
user0006,user0006
user0007,user0007
user0008,user0008
user0009,user0009
user0010,user0010
user0011,user0011
user0012,user0012
user0013,user0013
user0014,user0014
user0015,user0015
user0016,user0016
user0017,user0017
user0018,user0018
user0019,user0019
user0020,user0020
user0021,user0021
user0022,user0022
user0023,user0023
user0024,user0024
user0025,user0025
user0026,user0026
user0027,user0027
user0028,user0028
user0029,user0029
user0030,user0030
user0031,user0031
user0032,user0032
user0033,user0033
user0034,user0034
user0035,user0035
user0036,user0036
user0037,user0037
user0038,user0038
user0039,user0039
user0040,user0040
user0041,user0041
user0042,user0042
user0043,user0043
user0044,user0044
user0045,user0045
user0046,user0046
user0047,user0047
user0048,user0048
user0049,user0049
user0050,user0050
user0051,user0051
user0052,user0052
user0053,user0053
user0054,user0054
user0055,user0055
user0056,user0056
user0057,user0057
user0058,user0058
user0059,user0059
user0060,user0060
user0061,user0061
user0062,user0062
user0063,user0063
user0064,user0064
user0065,user0065
user0066,user0066
user0067,user0067
user0068,user0068
user0069,user0069
user0070,user0070
user0071,user0071
user0072,user0072
user0073,user0073
user0074,user0074
user0075,user0075
user0076,user0076
user0077,user0077
user0078,user0078
user0079,user0079
user0080,user0080
user0081,user0081
user0082,user0082
user0083,user0083
user0084,user0084
user0085,user0085
user0086,user0086
user0087,user0087
user0088,user0088
user0089,user0089
user0090,user0090
user0091,user0091
user0092,user0092
user0093,user0093
user0094,user0094
user0095,user0095
user0096,user0096
user0097,user0097
user0098,user0098
user0099,user0099
user0100,user0100